time,open,high,low,close,Volume,Volume
1608883200,655.35,669,651.15,666.03,92331,NaN
1608890400,665.94,676.9,660.19,672.25,165603,NaN
1608897600,673,675.38,667.65,672.11,64000,NaN
1608904800,672.23,674.22,654.3,655.51,224268,NaN
1608912000,655.59,667.57,649.06,657.7,268771,NaN
1608919200,657.57,664.93,655.91,661.95,166220,NaN
1608926400,662.37,664.87,658.22,661.56,99411,NaN
1608933600,661.57,672.43,660.26,671.32,255621,NaN
1608940800,671.4,675.31,665.21,673.5,254311,NaN
1608948000,673.42,685.84,670.44,682.41,256223,NaN
1608955200,682.24,683.21,673.31,674.09,157140,NaN
1608962400,673.82,677.46,667.89,671.76,145156,NaN
1608969600,671.66,679.46,665.29,669.07,176356,NaN
1608976800,669.16,670.04,658.8,667.44,221871,NaN
1608984000,667.11,673.61,663.6,668.97,257619,NaN
1608991200,669.06,681.78,665.94,675.55,484358,NaN
1608998400,675.54,699.68,674.32,693.57,752131,NaN
1609005600,693.71,697.88,688.7,696.31,175676,NaN
1609012800,696.2,705.76,692.86,699.22,516848,NaN
1609020000,699.52,699.97,677.7,687.37,365334,254962.4
1609027200,687.8,696.81,685.25,692.14,365355,268613.6
1609034400,692.28,705.98,691.02,696.98,373903,279028.6
1609041600,696.43,701.55,694.75,699.87,118898,281773.5
1609048800,699.42,711.24,699.42,703.89,278265,284473.35
1609056000,704.13,708.99,692.2,700.17,636584,302864
1609063200,699.93,703.46,672.89,689.15,1007714,344938.7
1609070400,688.99,703.86,676.38,703.8,495002,364718.25
1609077600,703.99,762.56,702,760.74,1704881,437181.25
1609084800,761,782.66,741.38,749.42,1659800,507455.7
1609092000,749.39,769.14,746.09,765.81,489221,519105.6
1609099200,766,766.17,713.34,734.62,1406660,581581.6
1609106400,734.53,756.71,732.45,742.06,292146,588931.1
1609113600,741.83,782.14,738.11,767.61,712305,615728.55
1609120800,767.35,770.8,755.44,763.79,454662,627368.1
1609128000,763.64,775.67,756.95,774.86,359078,632441.05
1609135200,775.17,806.71,766.99,799.32,952686,655857.45
1609142400,799.86,806.6,787.74,797.17,499578,643229.8
1609149600,796.63,799.56,782.23,795.69,345040,651698
1609156800,795.29,800.02,773.92,789.33,584814,655096.3
1609164000,790,805.84,787.14,790.37,432842,658471.7
1609171200,791,809.19,787.18,800.88,579888,669198.35
1609178400,801.14,811,797.5,806.04,408398,670923.1
1609185600,806.09,809.66,785.72,789.88,537154,691835.9
1609192800,789.39,797.16,775.07,789.06,525174,704181.35
1609200000,788.99,800.55,759.4,771.56,624246,703564.45
1609207200,771.31,777.54,746.89,748.22,545249,680441.2
1609214400,748.02,757.29,737.08,757.15,549119,683147.05
1609221600,757.24,763.88,750.78,757.48,304613,613133.65
1609228800,758.02,778.07,758.02,771.96,274170,543852.15
1609236000,771.6,787,769.96,782.16,428915,540836.85
1609243200,782.01,794.2,779.18,783.85,386434,489825.55
1609250400,783.94,785.04,766.22,772.23,332506,491843.55
1609257600,772.44,772.75,756.03,772.58,250465,468751.55
1609264800,772.5,785.75,771.28,783.47,79585,449997.7
1609272000,784.02,785.93,775,778.87,61040,435095.8
1609279200,778.87,793.83,777.93,788.69,73445,391133.75
1609286400,788.93,807.17,788.93,797.01,237531,378031.4
1609293600,797.14,804.16,791.25,794.41,320396,376799.2
1609300800,794.47,797.28,782.48,790.77,308228,362969.9
1609308000,790.56,804.74,787.78,793,208077,351731.65
1609315200,793.15,797.92,772.88,782.81,578218,351648.15
1609322400,782.45,793,778.54,783.72,208541,341655.3
1609329600,783.3,787.88,776.93,782.14,116302,320612.7
1609336800,782.51,795.87,782.42,793.63,83291,298518.55
1609344000,793.65,798.46,785.11,793.15,138605,274236.5
1609351200,793.24,820,789.23,812.23,375122,265730.15
1609358400,812.39,815.98,798.3,806.1,266969,251622.65
1609365600,805.77,812.09,797.4,809.9,232211,248002.55
1609372800,810.48,814.42,781.22,791.52,525118,260549.95
1609380000,791.28,799.14,788.6,798.27,90717,243640.05
1609387200,798.43,802.43,790.17,795.83,94236,229030.15
1609394400,795.77,812.72,795.01,807.2,244062,224607.95
1609401600,807.48,807.48,790.43,801.39,235436,223856.5
1609408800,801.11,809.26,799,799.03,193358,229545.15
1609416000,799,802.08,771.32,783.47,455383,249262.3
1609423200,783.55,788.71,772.11,785.39,184210,254800.55
1609430400,785.14,792.41,773.06,785.71,265185,256183.25
1609437600,786.07,790.83,783.68,787.53,72911,243809
1609444800,787.79,794.07,785.22,786.8,78630,232329.1
1609452000,786.95,791.83,780.79,785.31,142118,229031.15
1609459200,785.07,803.33,777.94,803.14,315428,215891.65
1609466400,802.71,803.85,798.05,801.26,123396,211634.4
1609473600,801.35,803.55,794.37,795.2,149615,213300.05
1609480800,795.53,798.07,786.83,789.97,176260,217948.5
1609488000,790.4,791.3,773.03,783.9,275452,224790.85
1609495200,783.99,794.79,783.65,790.8,86649,210367.2
1609502400,790.53,797.74,784.27,794.34,219624,207999.95
1609509600,794.07,796.61,785.05,786.38,129695,202874.15
1609516800,786.18,788.78,775.23,775.76,137659,183501.2
1609524000,775.76,779.76,758.9,768.91,445224,201226.55
1609531200,768.48,775.7,765.38,771.83,137771,203403.3
1609538400,771.98,776.66,769.85,774.54,90913,195745.85
1609545600,774.59,776.86,757.25,774.44,393743,203661.2
1609552800,774.57,780.3,774.41,776.98,115316,199759.1
1609560000,776.75,783.31,772.64,782.71,174571,185718.5
1609567200,782.52,793.04,781.1,787.37,209367,186976.35
1609574400,787.27,791.44,769.88,774.44,351669,191300.55
1609581600,773.94,784.13,771.62,780.02,197679,197538.95
1609588800,779.97,833.67,778.99,830.06,1149352,251075.05
1609596000,830.65,832.44,812.58,830.69,595739,273756.1
1609603200,830.95,846.71,825.69,839.87,635775,289773.45
1609610400,839.92,849.3,831.67,846.77,309066,299056.95
1609617600,847.18,847.48,813.02,829.98,942841,338718.25
1609624800,830.08,838.1,823.88,834.43,218298,340820.15
1609632000,834.42,840.32,829.95,838.28,201343,337114.7
1609639200,838.43,843.9,831.91,832.85,84337,336999.1
1609646400,832.87,853.19,828.48,848.75,328882,342462
1609653600,848.39,872.46,846.17,865.59,591513,365552.9
1609660800,865.84,892.94,855.61,885.24,636403,390490.1
1609668000,885.24,899.82,883,896.58,391014,387779.6
1609675200,896.37,959.84,892.38,943.89,1107951,436288.6
1609682400,943.46,997.91,931.6,993.58,2795117,571498.8
1609689600,993.75,1061.14,993.75,1014.87,3192844,711453.85
1609696800,1016.86,1023.47,966.31,999.8,1758763,793626.2
1609704000,998.65,1049.52,998.46,1031.31,1391587,854477
1609711200,1032.32,1114.01,1027.59,1065.22,2295304,958773.85
1609718400,1066.52,1084.18,1038.56,1054.87,1467936,1014587.2
1609725600,1054.74,1121.83,1049.68,1116.13,1470477,1078227.1
1609732800,1117.26,1193.4,1104.43,1180.62,1877123,1114615.65
1609740000,1180.42,1280.85,1125.37,1149.73,5408381,1355247.75
1609747200,1149.72,1188.13,1002.06,1068.78,6047894,1625853.7
1609754400,1070.31,1085.22,973.91,1064.63,2624518,1741626.3
1609761600,1066.1,1120.6,1043.42,1102.64,1384150,1763691.75
1609768800,1103.94,1146.01,1089.71,1127.89,946272,1800090.45
1609776000,1127.81,1137.62,1064.91,1081.89,2154994,1897773
1609783200,1082.14,1132.95,1082.14,1127.86,1316587,1959385.5
1609790400,1127.99,1135.52,1074.31,1089.96,1683482,2027115.5
1609797600,1089.96,1134.93,1085.9,1130.34,1430320,2069055.85
1609804800,1130.65,1232,1130.65,1209.63,4249021,2249686.75
1609812000,1209.62,1211,1080,1087.67,1877562,2324014.15
1609819200,1086.29,1119.47,1059.01,1075.56,1651210,2351177.1
1609826400,1076.7,1114.4,1064.59,1089.16,830694,2252955.95
1609833600,1090.44,1142.9,1090.44,1125.02,635017,2125064.6
1609840800,1126.27,1132.37,1097.78,1131.14,585968,2066424.85
1609848000,1131.26,1145.94,1105.28,1107.33,702442,2031967.6
1609855200,1107.54,1151.22,1083.81,1137.93,1099284,1972166.6
1609862400,1138.85,1176.89,1121.58,1172.8,1314780,1964508.8
1609869600,1173.25,1202.34,1129.3,1187.99,2017509,1991860.4
1609876800,1188.51,1195.28,1161.21,1169.28,886166,1942312.55
1609884000,1169.46,1218.91,1169.46,1192.44,921761,1717981.55
1609891200,1193.56,1205.17,1146.5,1161.91,781006,1454637.15
1609898400,1162.28,1180.3,1153.56,1169.17,342256,1340524.05
1609905600,1168.04,1245.62,1165.4,1205.92,2411281,1391880.6
1609912800,1205.91,1232.95,1197.85,1214.47,650150,1377074.5
1609920000,1214.68,1234.66,1193.43,1203.4,602693,1299459.45
1609927200,1202.24,1291.78,1201.5,1271.32,1097690,1288514.6
1609934400,1271.7,1280.98,1232.05,1248.03,807287,1244704.85
1609941600,1248.24,1269.24,1236.98,1256.88,441910,1195284.35
1609948800,1256.99,1328.94,1256.99,1309.58,1920565,1078861.55
1609956000,1310.12,1329,1270.53,1276.89,693370,1019651.95
1609963200,1276.08,1328.38,1224.86,1295.71,2265439,1050363.4
1609970400,1295.72,1332,1286.99,1326.75,565431,1037100.25
1609977600,1326.74,1341.38,1302.17,1323.47,1469621,1078830.45
1609984800,1323.67,1349.92,1298.23,1335.68,758581,1087461.1
1609992000,1334.82,1341.04,1320.66,1328.6,227118,1063694.9
1609999200,1328.26,1332.73,1287.51,1293.48,1284834,1072972.4
1610006400,1295.41,1316.59,1263,1316.52,1235098,1068988.3
1610013600,1317.21,1318.02,1289.25,1313.6,240703,980148
1610020800,1313.35,1344.94,1309,1328.42,718855,971782.45
1610028000,1328.05,1367.82,1324.86,1367.82,847823,968085.55
1610035200,1368,1393.05,1354.1,1384.21,1905846,1024327.55
1610042400,1385.22,1410.36,1245.34,1345.11,5026158,1258522.65
1610049600,1345.31,1382.74,1335,1369.34,511831,1163550.15
1610056800,1369.41,1377.08,1314.47,1341.2,634627,1162774
1610064000,1342.31,1348.74,1265.03,1293.29,796389,1172458.8
1610071200,1291.56,1294.19,1153.23,1249.86,3501979,1292673.25
1610078400,1249.73,1279.23,1234.5,1239.94,1605041,1332560.95
1610085600,1240.09,1318.79,1213.53,1312.17,681010,1344515.95
1610092800,1312.58,1331.25,1283.35,1327.5,1105561,1303765.75
1610100000,1327.88,1389,1324.1,1374.64,1708810,1354537.75
1610107200,1374.97,1399.85,1335.28,1368.95,909645,1286748.05
1610114400,1370.39,1390.25,1277.26,1329.53,1744833,1345718.15
1610121600,1331.72,1360,1311.16,1325.39,758891,1310181.65
1610128800,1325.57,1332.08,1275,1287.06,894930,1316999.1
1610136000,1287.55,1296.26,1230,1293.76,1985011,1404893.75
1610143200,1293.81,1340.56,1263.92,1324.8,1021953,1391749.7
1610150400,1325.95,1343.31,1273.59,1303.19,1006635,1380326.55
1610157600,1303.47,1342.18,1282.08,1335.12,469447,1391763.75
1610164800,1335.09,1335.09,1280.19,1285.31,1066538,1409147.9
1610172000,1284.1,1301.79,1272.04,1297.08,522955,1392904.5
1610179200,1297.29,1322.61,1284.26,1309.73,542342,1324729.3
1610186400,1310.88,1343.31,1304,1322,914159,1119129.35
1610193600,1323.44,1329.63,1306.97,1319.16,665188,1126797.2
1610200800,1319.67,1334.48,1300.35,1314.24,489901,1119560.9
1610208000,1314.23,1321.87,1279.75,1315.63,937776,1126630.25
1610215200,1315.78,1331.39,1311.41,1323.41,206005,961831.55
1610222400,1323.46,1401,1309.7,1394.33,1430998,953129.4
1610229600,1395.5,1412.81,1369,1379.99,811009,959629.35
1610236800,1380.39,1449.46,1380.39,1439.42,950074,951855
1610244000,1439.84,1464.01,1422,1427.55,1105110,921670
1610251200,1426.71,1446.1,1420.35,1430.08,348781,893626.8
1610258400,1430.09,1466.96,1427.83,1465.14,259234,819346.85
1610265600,1465.59,1469.97,1432.06,1446.26,588970,810850.8
1610272800,1447.36,1456.04,1356,1358.3,2556647,893936.65
1610280000,1358.3,1437.37,1333.96,1416.91,1707009,880036.55
1610287200,1417.23,1420.64,1376.34,1408.87,570598,857468.8
1610294400,1408.77,1434.33,1336.06,1395.85,1786534,896463.75
1610301600,1395.85,1408.38,1346.99,1356,781581,912070.45
1610308800,1356.98,1368.23,1250.54,1365.95,3324245,1024955.8
1610316000,1365.89,1385.56,1351.69,1351.88,567738,1027194.95
1610323200,1352.26,1356.81,1278.57,1300.5,1530317,1076593.7
1610330400,1300.49,1305.13,1068.72,1187.89,3824010,1222086.25
1610337600,1187.69,1216.81,1129.29,1177.53,2924698,1335061.75
1610344800,1175.79,1181.2,1079.15,1150.12,5510305,1586081.95
1610352000,1151.27,1215.61,1127.05,1215.07,822774,1580331.85
1610359200,1216.12,1229.87,1138.43,1142.59,849329,1612498.05
1610366400,1142.6,1183.29,1098.05,1098.05,2083167,1645106.5
1610373600,1099.26,1126.92,1014.95,1047.76,5769008,1893006.45
1610380800,1047.95,1090,974.57,1064.77,6150595,2153032.5
1610388000,1064.28,1092.27,1008.9,1050.92,1632270,2179390.5
1610395200,1050.95,1110.96,1025.95,1101.4,1301396,2227021.25
1610402400,1100.88,1166.7,1091.02,1161.24,799665,2254042.8
1610409600,1161.04,1164.61,1107.74,1121.43,970305,2273109.55
1610416800,1125.25,1163.17,1112.55,1162.09,420753,2166314.85
1610424000,1162.55,1209.01,1150.46,1209.01,618105,2111869.65
1610431200,1209.05,1234.79,1203.23,1222.38,464278,2106553.65
1610438400,1222.58,1228.41,1184.8,1196.14,506962,2042575.05
1610445600,1195.71,1203.56,1145,1179.77,552688,2031130.4
1610452800,1179.67,1193.54,1097.01,1098.83,1348991,1932367.7
1610460000,1099.27,1142.66,1077.33,1129.2,1542253,1981093.45
1610467200,1129.21,1208.26,1129.21,1200.08,1862130,1997684.1
1610474400,1200.15,1204.49,1138.11,1162.63,453267,1829146.95
1610481600,1161.5,1165.81,1129.36,1157.54,447530,1705288.55
1610488800,1155.63,1168.03,1096.57,1123.71,1317294,1495638
1610496000,1123.27,1123.27,1052.67,1101.4,1588385,1533918.55
1610503200,1101.87,1136.78,1084.54,1122.74,875040,1535204.1
1610510400,1120.82,1125,1081.4,1109.2,378018,1449946.65
1610517600,1109.28,1159.43,1103.59,1154.03,456066,1184299.55
1610524800,1155,1157.32,1130,1138.8,452694,899404.5
1610532000,1139.23,1178.84,1133.33,1138.03,757133,855647.65
1610539200,1140.5,1148.15,1121.14,1141.83,378269,809491.3
1610546400,1142.14,1160,1119.17,1144.69,774034,808209.75
1610553600,1144.95,1154.79,1134.08,1148.79,810332,800211.1
1610560800,1148.53,1189.28,1146.02,1179.77,290125,793679.7
1610568000,1180.25,1211.09,1170,1208.37,555361,790542.5
1610575200,1210.11,1222.59,1189.1,1214.57,347144,784685.8
1610582400,1214.68,1234.98,1198.43,1198.43,494511,784063.25
1610589600,1198.46,1207.5,1175.25,1180.4,266439,769750.8
1610596800,1180.68,1203.44,1171,1195.81,243126,714457.55
1610604000,1196.73,1255.45,1193.03,1240.22,613178,668003.8
1610611200,1240.27,1265.33,1229.8,1235.45,681651,608979.85
1610618400,1236.52,1268.76,1234.44,1257.36,427899,607711.45
1610625600,1257.01,1290.97,1236.6,1286.89,1028421,636756
1610632800,1287.15,1317.99,1281.5,1305.35,1165840,629183.3
1610640000,1306.72,1343.97,1306.72,1313.53,889584,594243.25
1610647200,1314.74,1327.52,1294.7,1325.41,394700,570226.25
1610654400,1324.61,1328.01,1255.39,1281.53,597632,581206.95
1610661600,1281.55,1334.81,1271.95,1330.72,287189,572763.1
1610668800,1330.72,1359.87,1324.01,1332.44,639174,582087.1
1610676000,1332.99,1346.5,1298.05,1316.42,639732,576217.05
1610683200,1315.88,1328.59,1278.25,1278.25,770755,595841.35
1610690400,1278.3,1346.02,1268.24,1343.69,2082954,661287.35
1610697600,1344.84,1351.86,1303.47,1336.43,805021,661021.8
1610704800,1336.45,1346.08,1323.28,1327.57,536884,673359.75
1610712000,1328.9,1332.65,1292.68,1323.38,1031977,697190.55
1610719200,1324.38,1331.59,1213.55,1229.41,2626555,811161.1
1610726400,1228.42,1261.2,1151,1244.12,2960636,934467.35
1610733600,1244.29,1266.4,1205.34,1214.84,1440230,993156.9
1610740800,1214.67,1250.7,1191.56,1243.36,748251,1018413.15
1610748000,1242.69,1261.5,1234.88,1255.57,197461,997627.3
1610755200,1254.95,1288.77,1254.9,1266.17,473945,987242
1610762400,1265.63,1278.39,1241.24,1265.14,805438,1006118.95
1610769600,1266.18,1269.89,1234.11,1245.75,497806,979588.2
1610776800,1246.03,1273.05,1245.38,1264.58,662474,954419.9
1610784000,1264.73,1308,1259.1,1307.17,1170084,968444.9
1610791200,1307.49,1319.06,1298.3,1311.5,305637,963991.75
1610798400,1313.72,1349.36,1276.21,1330.63,1490734,1008646.85
1610805600,1331.25,1388.03,1315.38,1386.81,792777,1033926.25
1610812800,1386.79,1402.91,1350,1358.22,681032,1036019.15
1610820000,1358.72,1363.59,1317,1353.63,985684,1053316.75
1610827200,1353.79,1386,1315.01,1330.33,720913,1050824.65
1610834400,1330.05,1338.4,1289.65,1324.96,807275,987040.7
1610841600,1324.63,1349.02,1290.01,1348.25,692644,981421.85
1610848800,1349.02,1357,1323.36,1334.87,281806,968667.95
1610856000,1334.57,1346.96,1298.98,1306.22,393990,936768.6
1610863200,1305.69,1316.56,1250,1263.66,1326088,871745.25
1610870400,1264.52,1298.36,1243.32,1261.44,1102752,778851.05
1610877600,1261.13,1315.55,1246.73,1306.33,735089,743594
1610884800,1307.28,1314.51,1277.05,1279.12,684143,740388.6
1610892000,1280.51,1337.98,1272.33,1331.65,745906,767810.85
1610899200,1332.26,1344.46,1310.37,1320.91,493538,768790.5
1610906400,1322,1330.92,1297.29,1305.88,489414,752989.3
1610913600,1306,1362.47,1306,1358.21,619489,759073.45
1610920800,1358.11,1365.96,1316.08,1324.95,572069,754553.2
1610928000,1325.81,1342.09,1316.95,1332,476726,719885.3
1610935200,1334.11,1335.74,1264.49,1276.64,1481024,778654.65
1610942400,1276.67,1295.18,1267.42,1292.21,727323,740484.1
1610949600,1291.41,1316.18,1275.51,1307.84,534590,727574.75
1610956800,1307.42,1330,1304.24,1322.29,640930,725569.65
1610964000,1322.76,1322.76,1296.27,1318.87,478895,700230.2
1610971200,1318.81,1355.82,1317,1344.1,1073036,717836.35
1610978400,1343.51,1358.21,1317.47,1342.69,745617,714753.45
1610985600,1343.41,1352.35,1303.4,1313.38,567515,708497
1610992800,1314.65,1329.19,1309.68,1322.55,127716,700792.5
1611000000,1323,1332.07,1318.6,1329.63,332232,697704.6
1611007200,1330.55,1365.99,1330.55,1363.03,381745,650487.45
1611014400,1363.8,1465.39,1355.81,1443.93,2148460,702772.85
1611021600,1444.8,1472.8,1438.47,1444.8,1654851,748760.95
1611028800,1445.19,1458.55,1424.39,1437.76,969806,763044.1
1611036000,1438.15,1512.95,1433.78,1504.08,1346257,793061.65
1611043200,1505.45,1531.46,1490.34,1507.95,1263987,831584.1
1611050400,1508.28,1577,1487.7,1570.84,1675847,890905.75
1611057600,1572,1580.05,1500,1545.88,2168284,968345.5
1611064800,1544.86,1552.52,1500.87,1540.22,1047456,992114.85
1611072000,1540.48,1568.57,1529.41,1542.01,1390810,1037819.05
1611079200,1540.58,1540.58,1447.65,1478.21,1915987,1059567.2
1611086400,1478.21,1544.8,1465.2,1531.5,984287,1072415.4
1611093600,1530.52,1549.98,1468.9,1474.51,1181608,1104766.3
1611100800,1473.6,1522.06,1458.83,1498.09,1160524,1130746
1611108000,1498.17,1512.26,1431.12,1438.15,2327068,1223154.65
1611115200,1436.92,1468.2,1396.25,1467.45,4294801,1384242.9
1611122400,1467.18,1480.52,1428.81,1468.63,1275222,1410723.15
1611129600,1468.05,1472.26,1381.07,1391.94,1639935,1464344.15
1611136800,1391.77,1395,1324.47,1339.15,3570623,1636489.5
1611144000,1338.94,1396.09,1304.52,1396.09,2037754,1721765.6
1611151200,1395.88,1406.01,1346.86,1354.64,917403,1748548.5
1611158400,1352.81,1402.22,1323.69,1395.52,1706418,1726446.4
1611165600,1395.64,1441,1385.11,1436.16,814006,1684404.15
1611172800,1436.17,1446.51,1391.78,1410.03,632992,1667563.45
1611180000,1409.96,1488.91,1400.05,1476.63,1093160,1654908.6
1611187200,1476.62,1489.13,1412.2,1420.79,1318408,1657629.65
1611194400,1421.19,1426.01,1393.55,1414.91,801471,1613910.85
1611201600,1414.33,1425.96,1357.5,1388.66,1626813,1586837.3
1611208800,1388.79,1413,1381.75,1393.2,1455317,1607230.35
1611216000,1393.22,1396.58,1302.78,1335.05,2697132,1672546.45
1611223200,1335.18,1341.3,1290.7,1303.02,2096369,1681565.55
1611230400,1302.36,1334.43,1247.47,1305.26,3136762,1789189.3
1611237600,1304.2,1313.94,1249,1251.14,2391825,1849700.15
1611244800,1251.59,1289.38,1225,1262.01,2001196,1891733.75
1611252000,1262.29,1303.36,1248.09,1294.99,847877,1817774.2
1611259200,1294.95,1298.74,1224.3,1224.86,1306447,1668356.5
1611266400,1224.3,1225.47,1134.52,1162.22,2434635,1726327.15
1611273600,1162.07,1196.2,1088.4,1186.14,4145427,1851601.75
1611280800,1186.81,1229.06,1174.29,1224.89,1656223,1755881.75
1611288000,1226.33,1256.31,1213.62,1243.61,1664152,1737201.65
1611295200,1243.98,1246.77,1190.38,1205.35,1103911,1746527.05
1611302400,1206.03,1251.44,1178.61,1240.34,1341632,1728287.75
1611309600,1240.66,1280.15,1223.77,1266.86,1659934,1770584.15
1611316800,1265.76,1300.5,1263,1287.71,754616,1776665.35
1611324000,1288.11,1314.71,1288.11,1304.18,891134,1766564.05
1611331200,1304.65,1328.33,1282.29,1304.11,843432,1742815.25
1611338400,1304.46,1344.24,1294.27,1337.79,625220,1734002.7
1611345600,1339.15,1344.84,1309.69,1314.23,485492,1676936.65
1611352800,1314.71,1327.81,1288.76,1303.55,472098,1627775.7
1611360000,1304.43,1315.19,1276,1307,776522,1531745.2
1611367200,1307.3,1319.96,1286.23,1307.77,389929,1446423.2
1611374400,1305.84,1346.32,1304.88,1342.59,496702,1314420.2
1611381600,1341.94,1350,1327.47,1338.71,634054,1226531.65
1611388800,1341.31,1355.28,1327.94,1336.41,777395,1165341.6
1611396000,1336.82,1338.6,1282.93,1289.77,1089164,1177405.95
1611403200,1289.47,1315.6,1264.28,1306.54,751698,1149668.5
1611410400,1307.68,1315.99,1290,1305.74,381171,1046995.3
1611417600,1305.96,1340.51,1298.31,1332.81,337340,856590.95
1611424800,1332.72,1343.91,1322.67,1338.4,463137,796936.65
1611432000,1338.69,1340.4,1306.01,1328.63,752689,751363.5
1611439200,1329.54,1330.24,1300.75,1309.44,611741,726755
1611446400,1310.86,1328.01,1294.85,1314.97,858762,702611.5
1611453600,1315.4,1381.99,1311.2,1381.3,1008849,670057.25
1611460800,1381.33,1425.78,1378.36,1417.13,1077507,686201.8
1611468000,1417.89,1424.98,1390.89,1401.05,653985,674344.35
1611475200,1402.47,1436.14,1395.23,1428.77,627728,663559.15
1611482400,1431.3,1439.57,1412.07,1430.55,602205,662408.4
1611489600,1431.26,1436.4,1394.6,1404.92,1240104,700139
1611496800,1403.7,1412.66,1377.11,1401.32,716778,712373
1611504000,1401.9,1449.34,1381.93,1441.08,852132,716153.5
1611511200,1440.52,1443.75,1388.56,1406.83,685427,730928.4
1611518400,1406.64,1438.99,1405.88,1437.28,469620,729574.3
1611525600,1435.88,1490.29,1427.27,1483.3,818993,738821.25
1611532800,1483.95,1584.37,1475.09,1541.05,3299828,864942.9
1611540000,1540.16,1550,1523,1530.13,1173384,869153.9
1611547200,1530.54,1544,1494.2,1543.82,1214184,892278.2
1611554400,1544.3,1549,1499.21,1523.78,1057169,926078.1
1611561600,1525.67,1528.52,1475.22,1485.23,846078,951515
1611568800,1484.12,1521.73,1471.14,1510.18,778217,967269
1611576000,1510.19,1549.34,1501.08,1519.17,1109963,985132.7
1611583200,1521,1541.31,1499,1537.07,865807,997836
1611590400,1537.7,1546.23,1480.36,1491.04,1085545,1009175.15
1611597600,1490.74,1497.6,1440.12,1472.47,1474699,1032467.65
1611604800,1471.63,1472.6,1392.51,1431.26,1686683,1062926.45
1611612000,1431.98,1432.08,1370.03,1393.73,1856071,1123030.75
1611619200,1392.31,1461,1378.37,1460.9,880338,1135661.25
1611626400,1460.33,1460.33,1362.52,1381.85,1156479,1163374.95
1611633600,1381.77,1422.55,1379.77,1410.54,847526,1143746.05
1611640800,1411.11,1411.11,1362.77,1384,1124294,1164121.85
1611648000,1384.48,1401.72,1356,1380.88,825746,1162802.55
1611655200,1381.88,1416.8,1376.75,1380.93,937979,1175430.15
1611662400,1379.79,1388.17,1314.09,1348.45,2591870,1281542.65
1611669600,1348.66,1356.78,1301.01,1345.54,1799323,1330559.15
1611676800,1345.06,1398.23,1329.06,1397.73,1603824,1245758.95
1611684000,1397.84,1422.6,1384.63,1408.81,937344,1233956.95
1611691200,1409.36,1432.79,1396.53,1401.12,1257580,1236126.75
1611698400,1401.19,1449.06,1391.96,1438.44,910604,1228798.5
1611705600,1438.03,1446.72,1379.21,1385.1,1018772,1237433.2
1611712800,1384.66,1397.14,1361.3,1373.33,566971,1226870.9
1611720000,1372.44,1381.68,1328.98,1339.87,1084655,1225605.5
1611727200,1339.91,1369.98,1333.15,1348.81,543962,1209513.25
1611734400,1348.34,1348.34,1297.64,1321.46,1240751,1217273.55
1611741600,1320.42,1356.33,1293,1294.63,1154925,1201284.85
1611748800,1295,1328.9,1280.87,1281.4,1346380,1184269.7
1611756000,1280.48,1340.95,1250,1334.6,1833969,1183164.6
1611763200,1334.63,1367.58,1291.2,1309.29,2246197,1251457.55
1611770400,1308.92,1330.7,1270.01,1319.65,1508777,1269072.45
1611777600,1319.62,1351.56,1308.58,1327.88,1247168,1289054.55
1611784800,1328.69,1338.05,1284.68,1289.15,736572,1269668.45
1611792000,1289.41,1319.07,1265.71,1317.63,1207691,1288765.7
1611799200,1318.01,1349.43,1316.7,1345.62,684467,1276090.1
1611806400,1345.93,1363.1,1325.04,1361.15,310964,1162044.8
1611813600,1360.83,1387.3,1337.22,1344.06,644803,1104318.8
1611820800,1343.88,1362.12,1318.7,1361.27,490175,1048636.35
1611828000,1360.64,1371.51,1334.64,1362.07,1115086,1057523.45
1611835200,1361.82,1409.79,1352.17,1409.33,956361,1042462.5
1611842400,1409.64,1429.97,1398.95,1421.73,1439787,1068921.65
1611849600,1421.94,1430.23,1398,1406.85,737452,1054855.65
1611856800,1408.66,1416.73,1390,1403.27,386024,1045808.3
1611864000,1402.73,1422.25,1394.62,1420.3,409864,1012068.75
1611871200,1420.07,1433.2,1393.49,1397.55,645413,1017141.3
1611878400,1398.61,1453.66,1397.29,1420.44,1087920,1009499.75
1611885600,1420.33,1429.8,1380.04,1393.49,778928,990699.9
1611892800,1393.49,1399.21,1351.73,1372.85,1242175,985489.65
1611900000,1372.91,1391.25,1360.11,1387.56,757911,931686.75
1611907200,1386.77,1496.4,1363.98,1463.9,7458183,1192286.05
1611914400,1464.33,1538.33,1434.8,1523.15,2180908,1225892.6
1611921600,1523.14,1545,1503.35,1540.83,1451532,1236110.8
1611928800,1541.58,1554.88,1475.66,1502.28,2948075,1346685.95
1611936000,1502.63,1514.12,1460.56,1465.08,1780114,1375307.1
1611943200,1466.13,1474.72,1389.66,1434.99,2841080,1483137.75
1611950400,1434.63,1466.99,1417.62,1459.97,648940,1500036.55
1611957600,1460.57,1505.4,1458.39,1469.03,905960,1513094.4
1611964800,1470.1,1500.17,1447,1450.68,799466,1528558.95
1611972000,1451.58,1457.73,1384.74,1404.69,1203363,1532972.8
1611979200,1404.78,1418.45,1390.25,1399.09,485086,1509409.05
1611986400,1398.87,1428.31,1388.51,1416.71,821662,1478502.8
1611993600,1416.35,1422.25,1400.79,1409.97,399015,1461580.95
1612000800,1410.89,1422.18,1399.7,1402.4,543078,1469433.65
1612008000,1401.83,1436.67,1389.97,1435.7,491333,1473507.1
1612015200,1436.44,1456.43,1430.5,1448.06,683687,1475420.8
1612022400,1447.75,1455.57,1416.96,1449.91,861039,1464076.75
1612029600,1449.91,1462.99,1442.4,1454.18,413315,1445796.1
1612036800,1454.6,1472.97,1453,1469.72,836194,1425497.05
1612044000,1470.38,1480.18,1455.19,1461.99,473659,1411284.45
1612051200,1461.97,1465.25,1441.54,1456.1,367170,1056733.8
1612058400,1456.2,1461.57,1432.99,1438.45,461334,970755.1
1612065600,1438.41,1445.51,1423.11,1429.5,299439,913150.45
1612072800,1429.05,1435.4,1418.96,1422.6,374793,784486.35
1612080000,1423.22,1434.18,1414.72,1419.94,567924,723876.85
1612087200,1418.52,1439.87,1415.49,1436.24,323047,597975.2
1612094400,1435.96,1460.7,1427.27,1431.9,676693,599362.85
1612101600,1431.29,1434.16,1357.15,1380.88,1543591,631244.4
1612108800,1380.91,1390.62,1346.79,1352.9,908505,636696.35
1612116000,1352.92,1380.2,1342.31,1375.26,801022,616579.3
1612123200,1375.15,1385,1360.48,1364.87,528092,618729.6
1612130400,1365.06,1395.98,1365.05,1388.52,711980,613245.5
1612137600,1387.58,1398,1336.37,1393.4,1366998,661644.65
1612144800,1393.58,1401.06,1381.77,1394.29,440442,656512.85
1612152000,1396.59,1412.02,1389.94,1402.44,726088,668250.6
1612159200,1401.89,1425.07,1376.05,1397.41,1375848,702858.65
1612166400,1398.73,1427.08,1388.86,1417.55,666153,693114.35
1612173600,1417.64,1437.7,1410.99,1427.11,864498,715673.5
1612180800,1427.58,1437.45,1411.31,1412.11,643961,706061.85
1612188000,1411.68,1414.66,1378.7,1378.7,770187,720888.25
1612195200,1378.72,1404.14,1377.22,1400.74,481800,726619.75
1612202400,1401.93,1417.99,1398.64,1416.27,352159,721161
1612209600,1415.75,1437.99,1412.96,1436.35,432896,727833.85
1612216800,1436.19,1466.77,1429.02,1463.46,719777,745083.05
1612224000,1463.07,1507.64,1457.1,1477.01,1854407,809407.2
1612231200,1476.78,1486.26,1454.55,1462.66,689595,827734.6
1612238400,1462.87,1495.42,1461.59,1487.1,708413,829320.6
1612245600,1487.01,1534.65,1487.01,1522.83,1118069,808044.5
1612252800,1522.81,1584.73,1512.5,1554.52,2272288,876233.65
1612260000,1554.66,1567.99,1523.48,1536.77,1788115,925588.3
1612267200,1537.41,1570.04,1522.76,1542.56,1564069,977387.15
1612274400,1542.89,1559.91,1520.94,1535.99,1838068,1033691.55
1612281600,1536,1630.46,1528.78,1597.42,2821707,1106427
1612288800,1598.81,1649.99,1592.63,1648.59,935626,1131186.2
1612296000,1649.01,1675.61,1627.92,1652,1440922,1166927.9
1612303200,1652.59,1683.8,1640.98,1643.06,589569,1127613.95
1612310400,1643.01,1668.84,1643.01,1655.63,877545,1138183.55
1612317600,1655.07,1688,1641.73,1676.81,704677,1130192.5
1612324800,1677.66,1703.07,1675.58,1682.71,440911,1120040
1612332000,1681.26,1712.39,1680.37,1685.1,423951,1102728.2
1612339200,1685.53,1687.8,1645.9,1664.24,1381661,1147721.25
1612346400,1663.49,1698.89,1656.28,1671.53,1022826,1181254.6
1612353600,1671.26,1705.76,1658,1690.28,1014390,1210329.3
1612360800,1690.7,1749.25,1675.53,1746.19,1178567,1233268.8
1612368000,1746.18,1792.69,1723,1790.22,1408165,1210956.7
1612375200,1789.73,1800.97,1763.91,1764.96,851191,1219036.5
1612382400,1764.01,1792.28,1747.89,1776.5,790234,1223127.55
1612389600,1777.11,1820.56,1773.35,1815.99,546751,1194561.65
1612396800,1815,1853.45,1811.52,1846.86,1467372,1154315.85
1612404000,1848.08,1851.56,1779.46,1793.87,1108605,1120340.35
1612411200,1795.86,1819,1783.66,1801.75,342682,1059271
1612418400,1800.54,1833.5,1794.49,1807.74,585103,996622.75
1612425600,1810.18,1837.1,1654.98,1786.7,3018942,1006484.5
1612432800,1787.38,1793.79,1749.89,1750.13,842862,1001846.3
1612440000,1750.13,1788.37,1737.47,1773.87,733036,966452
1612447200,1774.44,1783.54,1687.37,1713.49,1831470,1028547.05
1612454400,1714.45,1787.86,1697.37,1770.62,1260287,1047684.15
1612461600,1770.62,1812.36,1768.9,1796.55,1649258,1094913.2
1612468800,1797.3,1820.76,1769.08,1782.28,645631,1105149.2
1612476000,1782.75,1783.35,1722,1731.67,1382499,1153076.6
1612483200,1730.62,1763.41,1725.27,1731.36,635321,1115759.6
1612490400,1731.15,1797.52,1727.43,1780.44,509531,1090094.85
1612497600,1781.88,1786.71,1762.88,1773.81,551623,1066956.5
1612504800,1773.64,1822.06,1773.64,1815.79,516250,1033840.65
1612512000,1817.06,1833.99,1796.28,1798.18,818831,1004373.95
1612519200,1796.11,1814.34,1784.08,1810.62,568806,990254.7
1612526400,1811.45,1885.99,1806.02,1878.86,1294729,1015479.45
1612533600,1878.93,1911.54,1868.65,1901.97,1089335,1042608.65
1612540800,1902.82,1927.01,1858.66,1880.45,1573861,1047933.1
1612548000,1881.87,1882.88,1829.68,1861.13,1246633,1054834.5
1612555200,1857.66,1876.5,1845.78,1869.77,386602,1057030.5
1612562400,1869.53,1874.54,1846.82,1867.19,402132,1047881.95
1612569600,1867.8,1893.66,1780,1811.06,2446075,1019238.6
1612576800,1810.5,1832.85,1797.51,1827.77,1249457,1039568.35
1612584000,1827.41,1827.41,1781,1798.39,657270,1035780.05
1612591200,1796.91,1821.09,1793.99,1811.12,820904,985251.75
1612598400,1811.32,1867,1811.08,1839.32,786249,961549.85
1612605600,1840.23,1845.37,1817.16,1825.18,704152,914294.55
1612612800,1823.77,1837.72,1805.09,1819.2,607485,912387.25
1612620000,1820.47,1846.98,1820.47,1821.62,483807,867452.65
1612627200,1821.62,1854.34,1800.27,1850.9,622406,866806.9
1612634400,1852.39,1861.69,1836.43,1854.79,439633,863312
1612641600,1854.36,1868.11,1828.35,1862.75,426469,857054.3
1612648800,1862.75,1876.04,1819.88,1826.56,683676,865425.6
1612656000,1826.57,1846.12,1771.39,1783.86,1799797,914473.9
1612663200,1783.85,1788.7,1743.04,1761.77,1578373,964952.25
1612670400,1760.94,1766.84,1710.1,1746.21,1878654,994148.5
1612677600,1745.76,1767.44,1732.77,1761.46,791501,979256.8
1612684800,1759.74,1776.41,1756.83,1761.5,437475,922437.5
1612692000,1762.36,1784.64,1739.33,1754.24,833748,901793.25
1612699200,1752.44,1757.64,1699.17,1701.94,1919371,978431.7
1612706400,1701.31,1702.25,1585.03,1642.46,6176732,1267161.7
1612713600,1642.16,1677.88,1585.95,1659.91,2546024,1272159.15
1612720800,1658.06,1696.92,1657.97,1673.06,774990,1248435.8
1612728000,1672.52,1713.79,1658.38,1708.12,710207,1251082.65
1612735200,1707.72,1736.66,1684.36,1724.61,697386,1244906.75
1612742400,1724.72,1749.89,1688.86,1703.72,787276,1244958.1
1612749600,1704.01,1717.83,1675.03,1695.78,831037,1251302.35
1612756800,1695.52,1747.18,1691.91,1728.84,1076440,1274750.1
1612764000,1729.48,1775.99,1729.35,1765.39,480553,1274587.4
1612771200,1765.82,1780,1750,1753.69,557223,1271328.25
1612778400,1753.36,1798.52,1749.09,1791.96,379218,1268307.5
1612785600,1791.75,1908.99,1773.38,1832.79,3248147,1409391.4
1612792800,1834.55,1928.34,1833.26,1897.82,1886856,1469550.4
1612800000,1898.17,1944.47,1856,1866.06,1690989,1464110
1612807200,1868.29,1873.73,1842.69,1853.22,803585,1425370.6
1612814400,1852.23,1899.32,1842.94,1855.07,1382235,1400549.65
1612821600,1854.8,1925.46,1854.3,1921.21,864836,1404216.4
1612828800,1922.48,1940.42,1890.34,1897.86,1257149,1445200.1
1612836000,1897.01,1902.15,1866.92,1900.86,750012,1441013.3
1612843200,1899.58,1920.3,1893.52,1912.54,505356,1370312.55
1612850400,1912,1949,1897.4,1922,671921,1095072
1612857600,1925.26,2017.19,1925.26,1956.57,1848810,1060211.3
1612864800,1955.82,1961.31,1889.17,1928.99,1562024,1099563
1612872000,1928.99,1948.49,1876.05,1903.16,1434151,1135760.2
1612879200,1904,1926.7,1896.01,1917.21,594583,1130620.05
1612886400,1916.86,1932.36,1881.24,1901,1053057,1143909.1
1612893600,1903.81,1939.61,1897.74,1939.61,490443,1126879.4
1612900800,1939.98,1959.37,1905.7,1929.72,1232835,1134699.15
1612908000,1927.98,1943.08,1907.42,1935.4,300160,1125679.5
1612915200,1936,1979.99,1920.72,1978.52,552129,1125424.8
1612922400,1978.76,2010.98,1970.76,1986.75,1002693,1156598.55
1612929600,1986.33,1991.7,1934.53,1965.82,939188,1041150.6
1612936800,1967.18,1999,1967.18,1988.44,441118,968863.7
1612944000,1989.87,2026.46,1953.83,1963.89,1097382,939183.35
1612951200,1963.69,1987.4,1935.46,1963.6,520894,925048.8
1612958400,1958.17,1958.17,1832.61,1900.85,3420941,1026984.1
1612965600,1898.62,1920.03,1823.56,1863.81,2898421,1128663.35
1612972800,1864.25,1900.97,1837.4,1887.29,1003088,1115960.3
1612980000,1886.65,1898,1867.34,1894.07,570451,1106982.25
1612987200,1894.07,1895.77,1850,1875.19,645027,1113965.8
1612994400,1873.84,1915.99,1870.93,1895.95,574715,1109105.5
1613001600,1896.21,1903.11,1847.7,1855.32,672190,1050274.5
1613008800,1855.31,1909.44,1855.31,1898.91,242388,984292.7
1613016000,1900,1905.7,1865.29,1869.08,645154,944842.85
1613023200,1869.18,1902.96,1869.18,1890.86,488988,939563.1
1613030400,1892.47,1926,1883.32,1924.24,445299,909175.2
1613037600,1923.92,1951.56,1918.48,1922.17,791962,924251.15
1613044800,1922.17,1987,1922.17,1953.87,1141759,919697.35
1613052000,1953.7,1976.95,1945.96,1972.09,952753,952327
1613059200,1972.65,1985,1945.66,1946.14,506645,950052.8
1613066400,1943.87,1969.1,1938.04,1958.43,414408,920638.55
1613073600,1958.22,1983.82,1920.54,1932.19,569670,902162.65
1613080800,1931.56,1958.24,1930.74,1955.97,444050,902309.25
1613088000,1956.67,1985.54,1956,1964.95,573543,876117.3
1613095200,1964.22,1967.95,1936,1938.12,713833,885764.25
1613102400,1937.17,1937.17,1902.71,1927.16,1027974,766115.9
1613109600,1925.75,1938,1908.68,1934.57,423079,642348.8
1613116800,1933.45,1943.87,1914.16,1933.82,369712,610680
1613124000,1935.67,1957.5,1933.28,1951.14,399432,602129.05
1613131200,1951.82,1975.95,1940.82,1968.47,606473,600201.35
1613138400,1970.41,1978.67,1909.3,1958.74,1397339,641332.55
1613145600,1959.02,2041.75,1951.7,2034.98,2052543,710350.2
1613152800,2035.2,2044,1995,2021.57,1491144,772788
1613160000,2023,2049,2023,2034.96,798450,780452.8
1613167200,2035.92,2056.61,2013,2025.9,582136,785110.2
1613174400,2026.3,2065,2026.3,2049.85,513925,788541.5
1613181600,2049.85,2071.62,2039.21,2063.03,557555,776821.15
1613188800,2062.37,2066.07,2032.02,2046.25,465996,743033
1613196000,2046.29,2048.13,1981.69,1984.49,1104073,750599
1613203200,1984.45,2020.51,1968,2009.84,606538,755593.65
1613210400,2008.08,2008.08,1921.99,1941.48,2037834,836764.95
1613217600,1942.41,1981.7,1921.76,1975.08,790241,847793.5
1613224800,1973.02,2001.73,1956.36,1993.61,630136,857097.8
1613232000,1994.27,2001.48,1946.46,1959.84,675859,862213.6
1613239200,1958.94,1980.87,1949.67,1965.64,303837,841713.8
1613246400,1963.54,1992.33,1953.73,1985.21,361900,808410.1
1613253600,1985.59,2000.42,1976.03,1992.55,173733,795942.8
1613260800,1992.71,2026.45,1981.61,2015.57,355852,795249.8
1613268000,2018.94,2030.71,1981.05,1983.75,500814,800318.9
1613275200,1985.18,2033.97,1972.74,2029.9,346313,787310.9
1613282400,2033.96,2046.56,2022.34,2027.73,817991,758343.5
1613289600,2028.15,2040.21,2015.65,2034.46,323579,671895.3
1613296800,2033.99,2044.85,2018.86,2026.52,220729,608374.55
1613304000,2025.9,2045.74,1981.36,1991.12,728163,604860.2
1613311200,1991.47,2005.91,1960,1976.07,920474,621777.1
1613318400,1976.27,1995.02,1965.07,1980.4,409979,616579.8
1613325600,1979.86,1989.39,1972.01,1982.71,327770,605090.55
1613332800,1981.44,2006.71,1976.29,2006.2,248091,594195.3
1613340000,2004.93,2013.04,1976.63,1977.75,179700,547976.65
1613347200,1977.43,1990.37,1884.85,1908.84,1013872,568343.35
1613354400,1907.63,1915.57,1780,1880.09,3792684,656085.85
1613361600,1880.09,1884.35,1828.14,1871.97,1992337,716190.65
1613368800,1871.61,1913.4,1870.79,1903.21,668521,718109.9
1613376000,1903.09,1931.27,1895.34,1919.53,664018,717517.85
1613383200,1921.14,1959.88,1910.08,1947.73,402573,722454.65
1613390400,1950.02,1986.82,1939.59,1975.9,687623,738740.8
1613397600,1976.17,1987.75,1951.09,1985.31,512766,755692.45
1613404800,1985.79,2016,1985.79,1994.88,713889,773594.3
1613412000,1996.6,2006.34,1981.87,2003.13,506026,773854.9
1613419200,2003.41,2016.14,1960.26,1962.25,431925,778135.5
1613426400,1962.89,1984.44,1931.2,1949.54,770592,775765.55
1613433600,1951.09,1978.1,1901.2,1977.2,2556589,887416.05
1613440800,1977.02,2021.58,1969.4,2014.97,728668,912813
1613448000,2012.47,2023.66,1995.01,2003.17,624176,907613.65
1613455200,2003.07,2004.39,1966.5,1987.73,480797,885629.8
1613462400,1987.94,2000.44,1980.62,1992.6,361799,883220.8
1613469600,1991.25,1994.78,1956.43,1958.9,788390,906251.8
1613476800,1958.34,2028.46,1942.04,1950.14,2132495,1000472
1613484000,1950.23,1968.59,1926.31,1944.48,930592,1038016.6
1613491200,1945.03,1954.25,1901.07,1912.73,1034100,1039028
1613498400,1912.79,1922.74,1876.98,1914.13,844411,891614.35
1613505600,1910.97,1912.61,1884.14,1909.83,277600,805877.5
1613512800,1909.85,1950.45,1904.64,1948.04,241483,784525.6
1613520000,1947.67,1952.34,1925.64,1928.75,704397,786544.55
1613527200,1928.22,1955.76,1910,1924.36,656333,799232.55
1613534400,1924.37,1934.72,1898.48,1912.88,356812,782692
1613541600,1913.88,2003.05,1909.46,2000.65,1244859,819296.65
1613548800,2000.57,2020,1978.17,2011.71,995815,833392.95
1613556000,2011.62,2024.66,1999.04,2006.92,838354,850009.35
1613563200,2006.86,2054,2001.02,2023.65,1895804,923203.3
1613570400,2023.54,2028.36,2000.11,2006.94,949644,932155.9
1613577600,2007.16,2024.05,1986.63,2011.89,517797,830216.3
1613584800,2011.95,2042.15,2006.1,2037.82,374517,812508.75
1613592000,2038.5,2052.56,2014.48,2052.03,826224,822611.15
1613599200,2051.54,2056.7,2022.09,2043.2,282439,812693.25
1613606400,2044.27,2132.88,2044.27,2119.68,1313699,860288.25
1613613600,2118.14,2132,2097.04,2102.92,950096,868373.55
1613620800,2102.26,2119.83,2088.29,2109.78,560311,789764.35
1613628000,2109.78,2121.03,2083.86,2110.91,1066070,796538.25
1613635200,2113.03,2126,2089.4,2114.04,853235,787495
1613642400,2114.08,2151.99,2091.53,2103.81,1258552,808202.05
1613649600,2104.22,2129.57,2076.92,2121.61,1371424,862893.25
1613656800,2121.62,2130.57,2094.34,2106.6,1071718,904405
1613664000,2107.15,2122.99,2106.55,2116.07,669863,902678.3
1613671200,2116.12,2141.34,2110.07,2122.01,801566,909939.95
1613678400,2121.47,2149,2112.94,2142.84,295590,906878.85
1613685600,2143.21,2146.37,2105.05,2132.14,410905,865181.15
1613692800,2132.37,2148.91,2100,2109.73,535780,842179.4
1613700000,2110.09,2117.27,2080.15,2101.15,639268,832225.1
1613707200,2102,2116.54,2080.94,2103.64,1270144,800942.1
1613714400,2105.04,2124.51,2101.49,2115.67,359856,771452.7
1613721600,2115.4,2158.23,2107.18,2143.59,923945,791760.1
1613728800,2143.47,2150.54,2133,2143.22,261389,786103.7
1613736000,2142.95,2149.24,2102.65,2115.76,3446116,917098.3
1613743200,2115.76,2146.12,2115.76,2135.75,1734981,989725.4
1613750400,2136.84,2183,2135.87,2178.7,1763528,1012216.85
1613757600,2179.63,2187.17,2158.27,2166.89,635521,996488.1
1613764800,2167.08,2197.49,2159.57,2174.09,1559449,1046445
1613772000,2175,2179.66,2160.94,2167.81,669145,1026598.75
1613779200,2167.81,2174.8,2121.21,2151.52,2248470,1096360.5
1613786400,2151.51,2246.7,2142.9,2242.24,2865845,1176725.15
1613793600,2241.17,2271.8,2203.88,2228.49,1814762,1198892.05
1613800800,2229.86,2247.29,2182.61,2189.45,1491178,1219865.05
1613808000,2190.22,2224.3,2190.17,2211.92,1231956,1247969.7
1613815200,2211,2229.6,2201.42,2216.27,432869,1229534.85
1613822400,2215.7,2257,2213.31,2252,759530,1252731.85
1613829600,2252.01,2257.19,2156.69,2177.85,2198621,1342117.65
1613836800,2178.25,2228.88,2177.39,2196.75,1145083,1372582.8
1613844000,2197.08,2205.55,2178.93,2190.69,425244,1361881.6
1613851200,2191.15,2191.58,2137.83,2156.72,1219297,1359339.25
1613858400,2156.71,2157.18,1950,2092.4,6074891,1645091
1613865600,2091.58,2122.98,2057.5,2122.98,1431814,1670484.45
1613872800,2123.01,2145.97,2110.1,2116.96,1340682,1724449.1
1613880000,2117.11,2143.55,2100.38,2132.22,837411,1594013.85
1613887200,2131.94,2135.51,2086.26,2092.9,752822,1544905.9
1613894400,2092.93,2130.16,2076,2129.19,538580,1483658.5
1613901600,2128.04,2176.45,2126.66,2161.59,708730,1487318.95
1613908800,2161.83,2171.18,2134.31,2147.4,947908,1456741.9
1613916000,2148.57,2176.82,2133.33,2164.02,547771,1450673.2
1613923200,2165.07,2171.38,2139.1,2150.45,392968,1357898.1
1613930400,2152.29,2185.49,2135.92,2169.64,355089,1232360.3
1613937600,2170.34,2170.34,2104,2107.78,1994459,1241345.15
1613944800,2107.43,2127.22,2086.49,2121.74,799482,1206760.35
1613952000,2122.17,2125.19,2044.29,2093.16,1807619,1235543.5
1613959200,2093.27,2104.68,2032.39,2043.86,1377857,1282792.9
1613966400,2043.73,2058.23,1997.2,2038.45,1754855,1332559.15
1613973600,2039.63,2063.29,2032.59,2057.69,519906,1248623.4
1613980800,2058.37,2061.05,1970,1981.61,1711705,1276954.5
1613988000,1980.96,2002.49,1928.42,1967.58,2497302,1380557.4
1613995200,1971.93,1974.52,1889.39,1890.58,3420367,1490610.9
1614002400,1891.43,1940,1660.53,1885.32,8180087,1595870.7
1614009600,1886.74,1920,1819.2,1827.77,1667698,1607664.9
1614016800,1828.21,1905.27,1804.69,1901.49,814117,1581336.65
1614024000,1897.23,1959.05,1896.28,1952.25,762507,1577591.45
1614031200,1953.93,1956.99,1894.02,1928.19,1019354,1590918.05
1614038400,1928.63,1932.69,1840,1851.64,1994078,1663692.95
1614045600,1852.21,1867.41,1799,1825.69,2008166,1728664.75
1614052800,1824.94,1843.67,1679.18,1761.43,4372726,1899905.65
1614060000,1760.68,1797.5,1705.23,1724.2,1880338,1966534
1614067200,1723.51,1737.45,1460,1629.98,13865277,2640149.45
1614074400,1630.49,1658.61,1486,1583.67,4566322,2850711.1
1614081600,1583.22,1703.46,1547.8,1687.02,4502714,2976123.85
1614088800,1688.59,1744.34,1602,1707.21,4412980,3156798.75
1614096000,1706.69,1742.42,1636.66,1644.47,3495854,3241210.5
1614103200,1643.98,1665.07,1560.72,1563.85,3020855,3323360.4
1614110400,1563.97,1677.75,1550,1662.16,1938266,3332530.95
1614117600,1662.8,1713.69,1658.06,1712.48,1040449,3358558.1
1614124800,1712.46,1744.76,1625,1743.09,1710979,3358521.8
1614132000,1744.64,1776.55,1730.15,1770.6,1223782,3294845.8
1614139200,1772.07,1788,1739.32,1759.58,881763,3167915.6
1614146400,1758.1,1784.21,1738.64,1776.88,843316,2801077.05
1614153600,1777.88,1852.95,1765.94,1827.24,1236212,2779502.75
1614160800,1828.73,1836.75,1796.59,1813.36,698945,2773744.15
1614168000,1813.36,1847.96,1753.61,1770.32,2441703,2857703.95
1614175200,1770.01,1793.8,1710.46,1790.89,2052193,2909345.9
1614182400,1790.89,1808.86,1767.51,1790.41,892341,2854259.05
1614189600,1790.2,1790.2,1721.02,1724.84,691755,2788438.5
1614196800,1723.71,1743.96,1681.56,1715.18,1248034,2632203.9
1614204000,1713.24,1759.89,1675.69,1753.03,872702,2581822.1
1614211200,1753.38,1792.55,1744.6,1760.83,799725,1928544.5
1614218400,1758.8,1777.42,1727.31,1729.42,572257,1728841.25
1614225600,1727.87,1754.21,1706.8,1751.01,1627370,1585074.05
1614232800,1752.23,1782.32,1736,1769.23,658709,1397360.5
1614240000,1768.14,1773,1702.16,1721.21,1543487,1299742.15
1614247200,1721.2,1756.79,1712.8,1751.81,664014,1181900.1
1614254400,1752.61,1807,1739.64,1777.34,1092198,1139596.7
1614261600,1777.34,1786.63,1740.69,1753.8,1097041,1142426.3
1614268800,1754.58,1763.04,1701.8,1711.14,1226231,1118188.9
1614276000,1709.82,1724.57,1682.04,1693.79,1905740,1152286.8
1614283200,1693.42,1696.43,1630,1630,1240967,1170247
1614290400,1630,1650.52,1555.16,1586.3,2201169,1238139.65
1614297600,1585.43,1621.88,1551.44,1581.72,3598345,1356246.3
1614304800,1585.03,1612.32,1567.82,1597.44,1539301,1398264.1
1614312000,1599.54,1639.33,1549.2,1549.21,1410316,1346694.75
1614319200,1549.41,1575.54,1490.01,1529.75,3429043,1415537.25
1614326400,1531.88,1589.4,1528.59,1581.61,1450453,1443442.85
1614333600,1579.19,1601.53,1556.78,1591.34,1169824,1467346.3
1614340800,1591.84,1604.16,1560.05,1561.54,892721,1449580.65
1614348000,1560.01,1652.88,1559.77,1643.67,969366,1454413.85
1614355200,1643.9,1675.69,1621.59,1626.06,593642,1444109.7
1614362400,1627.33,1636.78,1574.7,1580.42,631369,1447065.3
1614369600,1581.01,1585.15,1519.83,1522.39,1740148,1452704.2
1614376800,1522.68,1549.54,1501,1541.84,1444617,1491999.6
1614384000,1541.84,1611.14,1535.45,1603.34,1325726,1481111.55
1614391200,1603.49,1624.22,1586.14,1591.15,876026,1491712.15
1614398400,1591,1617.58,1587.49,1608.32,750344,1474619.45
1614405600,1608.78,1634.47,1579.3,1589.44,1063408,1472937.8
1614412800,1589.15,1592.53,1549.27,1562.99,1112592,1467255.85
1614420000,1563.07,1588.5,1560.7,1572.71,632031,1403570.4
1614427200,1571.76,1601.57,1553.8,1587.03,714683,1377256.2
1614434400,1590.21,1594.95,1540.55,1550.54,987738,1316584.65
1614441600,1549.31,1591.2,1541.52,1591.2,613940,1167364.4
1614448800,1590.68,1618.46,1589.26,1615.83,461288,1113463.75
1614456000,1614.86,1625.69,1598.3,1606.84,441419,1065018.9
1614463200,1607.26,1611.01,1515.17,1557.99,1955141,991323.8
1614470400,1556.56,1569.56,1539.27,1563.86,544284,946015.35
1614477600,1562.53,1565.34,1450,1452.34,2234325,999240.4
1614484800,1452.86,1485.06,1431.27,1443.74,2650142,1087111.45
1614492000,1444.53,1447.04,1388,1425.49,2920129,1184649.6
1614499200,1424.5,1465.11,1424.5,1449.08,1033856,1206660.3
1614506400,1448.68,1470.41,1438.14,1455.32,685942,1209388.95
1614513600,1455.89,1465.11,1408.34,1418.09,1717032,1208233.15
1614520800,1418.05,1443.44,1365.43,1397.78,3187711,1295387.85
1614528000,1396.95,1450.9,1380.25,1409.96,1307854,1294494.25
1614535200,1409.6,1484.62,1405.33,1476.78,801303,1290758.1
1614542400,1476.8,1512.8,1469.4,1502.14,783520,1292416.9
1614549600,1501.84,1532.8,1482.67,1509.73,972588,1287875.9
1614556800,1509.54,1544.68,1501.03,1533.73,787750,1271633.8
1614564000,1534.33,1552.22,1523.44,1525.6,342159,1257140.2
1614571200,1525.97,1541.61,1513,1526.61,431617,1242986.9
1614578400,1527.23,1535.26,1510.79,1529.7,698106,1228505.3
1614585600,1530.84,1612.16,1530.84,1604.68,1267328,1261174.7
1614592800,1605.46,1643.55,1595.37,1629.18,1484027,1312311.65
1614600000,1629.71,1648.49,1615.3,1631.89,2321199,1406300.65
1614607200,1631.73,1662.59,1621.91,1656.42,1183993,1367743.25
1614614400,1656.69,1668.87,1617.7,1619.22,1080269,1394542.5
1614621600,1620.17,1631,1601,1611.09,896735,1327663
1614628800,1610.83,1649.05,1604.35,1646.8,735017,1231906.75
1614636000,1645.96,1675,1637.2,1672.1,476839,1109742.25
1614643200,1672.36,1710.34,1643.2,1671.29,1075688,1111833.85
1614650400,1671.3,1686.9,1648.32,1656.3,655752,1110324.35
1614657600,1656.61,1685.93,1653.43,1657.71,441995,1046572.5
1614664800,1657.73,1659.44,1627.32,1640.28,1203498,947361.85
1614672000,1639.91,1676.79,1638.4,1666.24,814160,922677.15
1614679200,1665.73,1672.87,1647.53,1670.01,507871,908005.55
1614686400,1669.09,1683.56,1653.25,1675.78,655021,901580.6
1614693600,1675.48,1699.87,1647.73,1651.27,1102951,908098.75
1614700800,1652.57,1654.78,1569.02,1598.81,4780377,1107730.1
1614708000,1598.85,1610.7,1557.57,1572.54,1000760,1140660.15
1614715200,1572.92,1573.25,1547.06,1559.44,1136703,1175914.45
1614722400,1559.37,1588.3,1556.6,1580.91,291374,1155577.85
1614729600,1581.04,1624.4,1569.12,1624.4,404231,1112423
1614736800,1624.41,1625.47,1610,1617.86,348862,1055664.75
1614744000,1618.8,1653.89,1618.8,1644.2,428871,961048.35
1614751200,1645.8,1679.99,1645.8,1668.41,1162558,959976.6
1614758400,1669.04,1726.68,1667.99,1719.92,1017336,956829.95
1614765600,1719.92,1724.65,1698.11,1716.13,835166,953751.5
1614772800,1715.38,1772.65,1708.61,1725.81,1823216,1008161.45
1614780000,1725.77,1725.77,1694.84,1713.65,967497,1032694.35
1614787200,1714.36,1749.9,1714.01,1737.83,597909,1008805.4
1614794400,1737.76,1747.52,1693.02,1718.49,514569,1001746.25
1614801600,1716.55,1724.42,1671.17,1702.03,489892,1004141.1
1614808800,1703.09,1720.17,1674.01,1675.15,412945,964613.45
1614816000,1674.2,1730.87,1658.3,1727.57,759111,961861
1614823200,1727.35,1737.31,1647.32,1653.37,1573349,1015134.9
1614830400,1653.35,1665.56,1626.43,1657.44,1282524,1046510.05
1614837600,1657.42,1667.65,1637.34,1667.65,577775,1020251.25
1614844800,1667.7,1687.8,1617.7,1642.12,1141556,838310.2
1614852000,1642.05,1666.58,1634.97,1656.3,753725,825958.45
1614859200,1656.2,1669.1,1637.08,1663.72,583924,798319.5
1614866400,1664.72,1705,1650.36,1675.76,977575,832629.55
1614873600,1675.76,1700.6,1650.09,1656.62,591785,842007.25
1614880800,1655.81,1657.9,1595.74,1616.6,1399894,894558.85
1614888000,1617.7,1627.59,1592.76,1604.68,682322,907231.4
1614895200,1604.72,1638.25,1600.78,1629.7,481180,873162.5
1614902400,1631.75,1631.83,1535.47,1544.37,1272787,885935.05
1614909600,1544.66,1565,1524.06,1564.02,681028,878228.15
1614916800,1562.07,1569,1540.74,1554.33,439753,809055
1614924000,1555.18,1572.43,1550.37,1558.41,583470,789853.65
1614931200,1557.59,1564.42,1515.65,1551.09,1038700,811893.2
1614938400,1550.79,1565,1541.24,1564.2,366691,804499.3
1614945600,1564.35,1581.67,1540.06,1573.03,971596,828584.5
1614952800,1573.04,1602.51,1565.66,1565.86,672120,841543.25
1614960000,1566.39,1596.73,1528.56,1592.67,972114,852193.4
1614967200,1594.58,1628.69,1590.65,1624.16,732969,810174.4
1614974400,1625,1639.9,1616.13,1622,401219,766109.15
1614981600,1621.91,1640.88,1615.56,1619.91,438905,759165.65
1614988800,1621.65,1642.31,1619.78,1626.33,533840,728779.85
1614996000,1626.75,1631.89,1609.81,1621.14,399332,711060.2
1615003200,1621.56,1671.59,1604.72,1671.32,912952,727511.6
1615010400,1670.83,1693.5,1669.22,1689.52,956151,726440.4
1615017600,1690.04,1697.94,1657.92,1659.75,995828,746642.55
1615024800,1659.72,1674.14,1650.97,1660.21,482443,700770
1615032000,1659.48,1661.22,1597.3,1615.39,1075451,720426.45
1615039200,1615.03,1643,1611.46,1629.97,877821,740258.5
1615046400,1628.16,1701.37,1623.98,1695.54,975253,725381.8
1615053600,1695.12,1724.89,1692.98,1715.75,804969,731578.85
1615060800,1717.98,1773.62,1717.98,1741.75,922230,755702.7
1615068000,1743.43,1774.52,1736.94,1748.34,593381,756198.25
1615075200,1750,1791.17,1733.5,1740.48,797612,744143.85
1615082400,1743.37,1772.1,1739.76,1751.15,514485,751533.55
1615089600,1750.29,1770.53,1747.39,1763.69,408221,723364.8
1615096800,1763.89,1791.81,1747.71,1788.99,1200809,749799.25
1615104000,1787.51,1802.67,1768.16,1792.95,800016,741194.35
1615111200,1793.52,1798.11,1766.4,1788.58,551797,732135.75
1615118400,1788.49,1789.63,1764.28,1773.3,588984,741524
1615125600,1772.25,1789.36,1730.35,1755,1356801,787418.8
1615132800,1756.52,1784.39,1756.52,1782.95,469528,784203.2
1615140000,1782.43,1782.43,1744.81,1763.2,381463,783309.75
1615147200,1760.65,1772.54,1735.5,1768.46,365129,755918.6
1615154400,1765.95,1847.72,1765.95,1838.03,806985,748460.3
1615161600,1841.12,1874.06,1839.43,1856.15,1085657,752951.75
1615168800,1856.2,1857.78,1823.21,1834.29,1223025,789980.85
1615176000,1834.78,1867.77,1818.38,1862.75,790921,775754.35
1615183200,1863.25,1867.6,1784.66,1793.73,1564704,810098.5
1615190400,1794.26,1800.54,1763.66,1789.04,1901471,856409.4
1615197600,1789.46,1833.75,1779.57,1827.96,1468099,889565.9
1615204800,1828.96,1848.51,1808.45,1846.16,1587420,922825.4
1615212000,1846.3,1869,1816.03,1858.25,2034875,994900.1
1615219200,1859.31,1863.65,1832.43,1845.18,712911,990665.05
1615226400,1845.13,1896.69,1839.86,1888.82,1063847,1018133.15
1615233600,1889.87,1911.05,1878.55,1907,850218,1040233
1615240800,1907,1963.32,1885.55,1952.56,1235208,1041952.95
1615248000,1953.06,1984.47,1927.54,1967.76,1291623,1066533.3
1615255200,1968.41,1988.28,1958.49,1974.25,1124802,1095183.55
1615262400,1974.5,1979.33,1946.8,1969.34,749378,1103203.25
1615269600,1968.76,1974.06,1932.11,1934.84,983940,1084560.2
1615276800,1935.43,1965.42,1933.3,1954.56,948560,1108511.8
1615284000,1954.16,1961,1937.44,1955.36,911364,1135006.85
1615291200,1955.42,1971.78,1922.41,1969.82,1105847,1172042.75
1615298400,1969.58,1972.17,1940.62,1963.14,1070689,1185227.95
1615305600,1962.81,1977.76,1940,1942.39,1229840,1192437.1
1615312800,1942.38,1959.48,1935.9,1954.55,363373,1149454.5
1615320000,1954.54,1968.91,1941.25,1949.8,452549,1132535.9
1615327200,1949.07,2003.65,1947.4,2003.65,895543,1099077.85
1615334400,2003.58,2011.66,1938.66,1949.8,1545015,1081255.05
1615341600,1950.02,1950.02,1866.57,1891.04,3818161,1198758.15
1615348800,1891.04,1922.84,1880.15,1920.34,1041829,1171478.6
1615356000,1919.88,1935.2,1913.06,1926.17,745226,1106996.15
1615363200,1926.23,1969.82,1918.08,1962.9,1876977,1165199.45
1615370400,1963.19,1966.29,1927.97,1944,1383820,1181198.1
1615377600,1943.28,1987.89,1935.93,1981.87,1731502,1225262.3
1615384800,1981.68,1985.63,1959.61,1965.95,1228761,1224939.95
1615392000,1966.37,2008.2,1953.34,1990.39,1894893,1255103.45
1615399200,1989.7,1998.28,1964.02,1973.19,769689,1237347.8
1615406400,1974.41,1977.34,1887.32,1951.13,3531971,1376477.45
1615413600,1950.48,1971.82,1921.3,1926.55,1076875,1381124.2
1615420800,1926.6,1938,1884.63,1913.43,2795573,1473474.85
1615428000,1912.63,1935.68,1903.64,1931.56,810658,1468439.55
1615435200,1931.6,1948.36,1900,1906.38,744176,1450356
1615442400,1904.87,1919.09,1888.65,1889.63,1160770,1454860.05
1615449600,1889.74,1891.16,1841.7,1857.66,2655410,1526138.55
1615456800,1856.57,1908.93,1854.95,1907,1025084,1559224.1
1615464000,1907.95,1952.43,1895,1946.44,1315648,1602379.05
1615471200,1946.04,1958.83,1899.88,1930.16,1585978,1636900.8
1615478400,1930.59,1941.52,1910.01,1930.02,845860,1601943.05
1615485600,1928.85,1957.76,1920.13,1932.29,875004,1454785.2
1615492800,1932.73,1991.37,1929.05,1984.76,1430888,1474238.15
1615500000,1985.72,1994,1956.36,1977.69,906513,1482302.5
1615507200,1977.92,1996.74,1933.62,1945.87,1620638,1469485.55
1615514400,1945.93,1964.35,1939.26,1955.66,536861,1427137.6
1615521600,1954.58,1960.5,1926.21,1947.17,826392,1381882.1
1615528800,1947.17,1955.8,1917.73,1927.1,777760,1359332.05
1615536000,1927.48,1939.37,1903,1913.51,2006712,1364923
1615543200,1912.88,1921.11,1880,1903.81,2025471,1427712.1
1615550400,1903.67,1917.68,1832,1867.74,4154665,1458846.8
1615557600,1867.54,1915.05,1854.33,1910.38,2789250,1544465.55
1615564800,1908.88,1918.77,1888.96,1893.51,3957168,1602545.3
1615572000,1893.45,1916.65,1864.9,1864.9,1140362,1619030.5
1615579200,1864.79,1890,1848.04,1885.17,1776734,1670658.4
1615586400,1887.87,1902.48,1877.91,1896.26,672126,1646226.2
1615593600,1896.26,1898.66,1850.53,1861.4,833140,1555112.7
1615600800,1861.79,1890.19,1859.08,1886.95,546899,1531203.45
1615608000,1887.02,1910,1872.1,1898.84,767016,1503771.85
1615615200,1898.76,1927.31,1889.88,1926.85,1072935,1478119.7
1615622400,1927.28,1937.79,1916.31,1931.29,1268504,1499251.9
1615629600,1931.3,2063.93,1929.39,2042.78,6785265,1794764.95
1615636800,2042.99,2081.73,2029.56,2060.88,2895888,1868014.95
1615644000,2060.89,2069.7,2037.65,2056.47,1395761,1892477.35
1615651200,2056.48,2099.57,2044.94,2095.51,2281432,1925517.05
1615658400,2096.14,2118.06,2077.74,2117.05,1795578,1988452.9
1615665600,2117.06,2138,2080.24,2097.84,2152019,2054734.25
1615672800,2097.75,2129.35,2088.02,2107.17,1101054,2070898.95
1615680000,2107.45,2121.94,2066.65,2086.5,2046118,2072869.25
1615687200,2086.84,2104.72,2074,2096.49,1205694,2031880.4
1615694400,2096.89,2097.07,2070.6,2080.73,1645547,1906424.5
1615701600,2079.87,2089.14,2055.53,2068.39,1693795,1851651.75
1615708800,2068.07,2092.77,2062.25,2084.56,905425,1699064.6
1615716000,2084.81,2087.21,2012,2052.01,3723953,1828244.15
1615723200,2051.05,2062.44,2024.72,2037.35,1326149,1805714.9
1615730400,2036.88,2062.39,2017.34,2027.66,1509011,1847559.15
1615737600,2027.31,2044.39,2001.07,2026.39,2164244,1914114.35
1615744800,2027.18,2056.13,2027.18,2048.04,641389,1918838.85
1615752000,2047.18,2057.24,2034.95,2046.72,571676,1909071.85
1615759200,2047.6,2075.49,2015.45,2016.29,1459966,1928423.4
1615766400,2016.17,2076.04,2004.65,2070.35,3060897,2018043.05
1615773600,2070.32,2078.3,2065.27,2071.33,824918,1720025.7
1615780800,2071.41,2080.16,2013.07,2013.31,2161617,1683312.15
1615788000,2013.57,2026.41,1918.94,1944.48,7162702,1971659.2
1615795200,1945.33,1961.44,1860.65,1895.91,8349777,2275076.45
1615802400,1895.92,1915.34,1890.43,1899,3508822,2360738.65
1615809600,1898.6,1917.76,1869.29,1912.86,3900796,2448177.5
1615816800,1912.46,1931.33,1885.4,1885.8,2439069,2515078.25
1615824000,1885.57,1915,1873.08,1894.15,2341203,2529832.5
1615831200,1894.09,1917.58,1886.79,1908.59,782457,2508670.65
1615838400,1908.93,1930.26,1899.65,1921.68,985924,2475689.5
1615845600,1921.48,1934.81,1903.37,1917.3,2598581,2520928.8
1615852800,1916.41,1931.58,1820.03,1865.78,6507279,2801021.5
1615860000,1866.05,1877.68,1853.52,1868.64,1557841,2692715.9
1615867200,1867.85,1876.57,1854.09,1870.78,2067083,2729762.6
1615874400,1870.28,1932.41,1852.59,1926.6,2185635,2763593.8
1615881600,1927.35,1949.82,1923.18,1933.89,2039388,2757351
1615888800,1933.91,1936.6,1901.34,1913.2,1329705,2791766.8
1615896000,1913.27,1917.35,1882.5,1907.74,1286142,2827490.1
1615903200,1907.54,1932.27,1898.94,1927.56,945847,2801784.15
1615910400,1929.86,1940.89,1877.26,1891.91,1713874,2734433
1615917600,1894.22,1911.1,1886.1,1907.84,863825,2736378.35
1615924800,1907.83,1926.12,1904.92,1907.06,662145,2661404.75
1615932000,1907.53,1931.61,1900.05,1929.83,566272,2331583.25
1615939200,1929.31,1938.96,1890,1902.98,1277574,1977973.1
1615946400,1902.97,1904.36,1873.61,1883.99,875174,1846290.7
1615953600,1883.46,1901.08,1878.85,1900.22,616071,1682054.45
1615960800,1899.72,1913.22,1893.72,1910.4,1112190,1615710.5
1615968000,1910.57,1921.76,1865.51,1873.69,2079953,1602648
1615975200,1873.51,1886.9,1870.58,1875.39,918784,1609464.35
1615982400,1875.68,1892.53,1845.38,1882.87,2998273,1710081.8
1615989600,1882.86,1893.28,1868.97,1884.81,1675962,1663950.85
1615996800,1884.55,1911.67,1878.73,1903.68,1720606,1424617.2
1616004000,1904.39,1967.99,1904.39,1954.19,2288357,1461143
1616011200,1954.55,1974.25,1938.46,1952.48,1878920,1451734.85
1616018400,1952.49,1963.37,1941.63,1958.08,729300,1378918.1
1616025600,1960.2,1977,1944.04,1967.79,2388220,1396359.7
1616032800,1968.04,1992.12,1967.46,1972.65,2726842,1466216.55
1616040000,1972.65,1984.95,1965,1969.83,825848,1443201.85
1616047200,1969.9,1972.94,1940.49,1945.85,1247288,1458273.9
1616054400,1946.01,1954.45,1933.36,1946.45,970127,1421086.55
1616061600,1945.21,1958.08,1920.89,1929.64,1051773,1430483.95
1616068800,1929.67,1929.78,1909.78,1917.86,1163420,1455547.7
1616076000,1917.86,1960.15,1905,1955.93,3489124,1601690.3
1616083200,1956.88,1967.8,1940.26,1950.92,2302095,1652916.35
1616090400,1950.73,1958.73,1878.48,1891.69,1825885,1700451.9
1616097600,1892.25,1911.39,1880.1,1905.94,556876,1697492.15
1616104800,1905.16,1919.41,1895.14,1895.16,648111,1674288.2
1616112000,1895.52,1896.79,1841.92,1892.85,1529228,1646751.95
1616119200,1892.85,1907.49,1889.17,1901.47,535951,1627610.3
1616126400,1901.34,1936.91,1893.56,1932.47,1311914,1543292.35
1616133600,1932.6,1941,1916.77,1920.81,887752,1503881.85
1616140800,1923.24,1954.53,1909.44,1931.3,2103890,1523046.05
1616148000,1931.18,1958.21,1929.32,1956.8,712700,1444263.2
1616155200,1957.18,1968.97,1932.65,1942.2,1458493,1423241.85
1616162400,1942.13,1964.36,1931.13,1960.41,703765,1421965.1
1616169600,1960.62,1969.59,1950.36,1958.6,567070,1330907.6
1616176800,1957.54,1968.09,1944.76,1965.28,471905,1218160.75
1616184000,1965.27,1983.91,1949.99,1963.15,842920,1219014.35
1616191200,1963.18,1964,1937.37,1942.3,565306,1184915.25
1616198400,1942.84,1966.97,1932.85,1962.91,582839,1165550.85
1616205600,1961.77,1976.05,1960.13,1972.79,1383848,1182154.6
1616212800,1972.55,1987.02,1955.01,1959.24,1198978,1183932.5
1616220000,1959.84,1964.81,1953.23,1958.92,974566,1058204.6
1616227200,1959.2,1977.72,1959.2,1972.58,815181,983858.9
1616234400,1972.58,1995.27,1965.34,1990.35,1174453,951287.3
1616241600,1990.64,2030.84,1981.68,2001.61,2863316,1066609.3
1616248800,2001.63,2018.93,1993.22,2012,1593575,1113882.5
1616256000,2013.32,2016.89,1992,1997,834982,1079170.2
1616263200,1998.89,2007.12,1993.69,2001.99,823044,1093524.85
1616270400,2002.87,2003.78,1964.1,1979.55,2329414,1144399.85
1616277600,1979.66,1985.77,1927.59,1942,2602696,1230147.05
1616284800,1942.04,1953.48,1914.7,1934.99,2348319,1242368.5
1616292000,1935.08,1935.08,1902.66,1914.67,1525932,1283030.1
1616299200,1914.6,1917.05,1884.69,1900.44,2657844,1342997.65
1616306400,1900,1913.44,1888.89,1905.84,570896,1336354.2
1616313600,1905.29,1912.79,1858.8,1880.84,2069640,1411482.7
1616320800,1880.57,1894.65,1872.49,1893.17,1938995,1484837.2
1616328000,1892.85,1916.55,1876.8,1907.49,1820370,1533709.7
1616335200,1907.92,1922,1902.89,1912.1,1221749,1566531.85
1616342400,1912.02,1917.28,1896.78,1911.39,1013495,1588064.65
1616349600,1911.39,1922.72,1905.22,1920.45,737880,1555766.25
1616356800,1921.1,1932.9,1915.06,1932.89,456596,1518647.15
1616364000,1932.75,1933,1901,1905.15,1390004,1539419.05
1616371200,1905.43,1908.33,1867.55,1879.63,2207726,1609046.3
1616378400,1880.09,1907.44,1869,1904.09,1386497,1619648.5
1616385600,1903.73,1920.98,1899.99,1914.17,1029151,1527940.25
1616392800,1914.23,1924.23,1908.91,1916.7,507347,1473628.85
1616400000,1915.26,1917.74,1897.71,1907.42,345873,1449173.4
1616407200,1908.01,1941.49,1905.47,1927.02,1609408,1488491.6
1616414400,1926.99,1928.28,1888.3,1899.67,1269433,1435492.55
1616421600,1899.59,1909.14,1894.69,1900.28,660499,1338382.7
1616428800,1900.29,1905.13,1872.48,1901.99,1098701,1275901.8
1616436000,1902,1904.38,1849.06,1850.35,1567881,1277999.25
1616443200,1850.07,1860.33,1757.58,1780.35,5881205,1439167.3
1616450400,1780.35,1806.9,1750,1783.17,2762122,1548728.6
1616457600,1783.31,1821.22,1767.5,1812.69,2650198,1577756.5
1616464800,1812.83,1816.47,1791.1,1806.74,901608,1525887.15
1616472000,1806.38,1810.35,1762.64,1774.95,1695079,1519622.6
1616479200,1775.23,1782.93,1746.67,1779.2,1837658,1550418.05
1616486400,1778.68,1793.38,1763.97,1789.85,1184991,1558992.85
1616493600,1789.77,1800.86,1783.02,1789.35,1291177,1586657.7
1616500800,1790.42,1824.96,1790.38,1813.13,1565181,1642086.95
1616508000,1813.99,1818.77,1792.53,1804.62,1001671,1622670.3
1616515200,1804.66,1826.74,1793.27,1822.46,1047187,1564643.35
1616522400,1822.58,1829.57,1796.36,1810.5,982149,1544425.95
1616529600,1809.67,1811.62,1759.55,1771.39,677306,1526833.7
1616536800,1771.37,1787.41,1765.95,1771.98,1224789,1562705.8
1616544000,1770.73,1784.01,1750,1781.56,1121941,1601509.2
1616551200,1780.87,1796.57,1775.87,1788.32,680349,1555056.25
1616558400,1788.06,1799.99,1775.75,1780.87,562346,1519701.9
1616565600,1780.31,1816.75,1764.95,1810.35,1840290,1578691.45
1616572800,1809.82,1839.87,1809.82,1830.31,1334268,1590469.8
1616580000,1830.87,1839.13,1826.16,1835.28,555467,1539849.1
1616587200,1834.16,1867.45,1834.16,1846.13,1619749,1326776.3
1616594400,1846.27,1852.7,1831.53,1842.76,808889,1229114.65
1616601600,1842.97,1847.31,1810.07,1813.16,1423539,1167781.7
1616608800,1812.92,1818.47,1725.14,1741.42,3108675,1278135.05
1616616000,1740.66,1743.95,1677.24,1710.98,6232988,1505030.5
1616623200,1710.97,1710.97,1628.23,1670.95,4849751,1655635.15
1616630400,1671.05,1688.55,1635.71,1637.75,1763113,1684541.25
1616637600,1637.73,1668.07,1628.97,1655.73,2097376,1724851.2
1616644800,1655.74,1676.47,1646.35,1671.18,671190,1680151.65
1616652000,1671.03,1682.97,1652.17,1653.35,1091490,1684642.6
1616659200,1654.19,1700.85,1653.23,1698.22,2220087,1743287.6
1616666400,1698.23,1710.4,1673.74,1674.58,1809050,1784632.65
1616673600,1674.47,1687.09,1630.2,1679.17,4594443,1980489.5
1616680800,1679.18,1700,1658.47,1675.13,3222789,2080389.5
1616688000,1675.8,1697.1,1649.13,1691.2,3364478,2192516.35
1616695200,1691.21,1708.11,1686.45,1691.07,1154445,2216221.15
1616702400,1691.12,1699.83,1682.15,1695.39,717711,2223989.4
1616709600,1695.4,1703,1660,1669.85,1515482,2207749
1616716800,1669.39,1723.68,1669.39,1720.64,4270692,2354570.2
1616724000,1720.65,1723.09,1701.07,1711.4,2165952,2435094.45
1616731200,1711.4,1724.28,1702.46,1721.51,1140373,2411125.65
1616738400,1721.42,1735.61,1708.45,1726.01,2103257,2475844.05
1616745600,1726.96,1735.18,1705.88,1710.02,1780594,2493696.8
1616752800,1710.03,1719.09,1701.8,1708.28,1427491,2409637.6
1616760000,1708.28,1745.96,1702.8,1742.95,1538054,2174890.9
1616767200,1742.95,1745.98,1726.83,1733.15,1298799,1997343.3
1616774400,1733.4,1760,1724.26,1751.95,2393238,2028849.55
1616781600,1752.89,1756.51,1741.32,1753.61,601015,1954031.5
1616788800,1754.29,1781.78,1751.29,1781.12,1589384,1999941.2
1616796000,1781.12,1793.64,1765.23,1791.3,1077799,1999256.65
1616803200,1791.28,1813.56,1776.02,1782.01,3411560,2058830.3
1616810400,1782.01,1790.8,1777.05,1785.05,545417,1995648.65
1616817600,1784.22,1796.15,1781.56,1792.69,1108799,1821366.45
1616824800,1792.59,1797.68,1773.32,1782.69,926584,1706556.2
1616832000,1783.03,1795.15,1771.68,1795,1568575,1616761.05
1616839200,1795,1805.57,1764.95,1771.93,3985578,1758317.7
1616846400,1772.01,1780.94,1753.88,1777.5,3661771,1905520.7
1616853600,1777.56,1784.61,1767.54,1779.74,994083,1879450.75
1616860800,1779.5,1816.02,1779.5,1812.32,2097893,1770810.8
1616868000,1812.65,1812.91,1798.16,1804.09,491137,1687070.05
1616875200,1803.29,1836.85,1800.07,1832.02,896580,1674880.4
1616882400,1833.98,1837.76,1813.25,1816.27,754318,1607433.45
1616889600,1816.24,1820.75,1794.83,1810.48,2401105,1638459
1616896800,1810.48,1814.02,1801.94,1812.02,1040231,1619096
1616904000,1812.02,1828.14,1809.34,1827.91,1244466,1604416.6
1616911200,1828.15,1828.99,1814.18,1823.35,578298,1568391.55
1616918400,1823.35,1834.74,1815.71,1819.41,891938,1493326.55
1616925600,1819.67,1821.4,1801.9,1806.48,1355257,1531038.65
1616932800,1805.75,1811.63,1781.25,1797.81,1548961,1529017.5
1616940000,1796.85,1816.65,1791.01,1816.03,549193,1502587.2
1616947200,1816,1821.98,1802.29,1805.59,565835,1360300.95
1616954400,1805.44,1807.91,1759.01,1773.16,1401399,1403100.05
1616961600,1773.27,1779.37,1762.53,1773.08,652512,1380285.7
1616968800,1773.08,1788.32,1768.02,1785.07,662685,1367090.75
1616976000,1785.95,1792.79,1775,1783.4,663682,1321846.1
1616983200,1783.5,1803,1780.99,1796.64,854468,1165290.6
1616990400,1796.64,1803.49,1784.23,1788.57,656116,1015007.85
1616997600,1788.88,1813.06,1788.88,1810.33,803161,1005461.75
1617004800,1810.53,1889.15,1810.53,1879.31,4996212,1150377.7
1617012000,1879.82,1904.65,1879.22,1889.91,3480074,1299824.55
1617019200,1889.91,1918.66,1889.91,1909.22,2012216,1355606.35
1617026400,1909.22,1917.58,1885.14,1915.93,1969267,1416353.8
1617033600,1916.22,1973.83,1901.84,1963.85,3695681,1481082.6
1617040800,1963.85,1968.22,1936.8,1943.5,1106947,1484418.4
1617048000,1944.79,1948.19,1933.09,1936.72,763200,1460355.1
1617055200,1936.62,1954.84,1925.2,1946.14,855101,1474195.25
1617062400,1945.6,1957.57,1926.35,1934.91,1144172,1486806.95
1617069600,1934.99,1934.99,1914.31,1926.3,1478189,1492953.55
1617076800,1925.41,1945.06,1913.82,1936.83,1396025,1485306.75
1617084000,1936.11,1957.3,1931.68,1949.58,1499886,1532841.4
1617091200,1949.04,1975.68,1933.29,1972.79,1899825,1599540.9
1617098400,1972.8,1994.59,1961.85,1992.87,2205563,1639749.1
1617105600,1992.87,1993.97,1967.36,1969.3,1815860,1697916.5
1617112800,1969.3,1981,1957.5,1967.35,2548389,1792201.7
1617120000,1967.18,1975.4,1963.28,1972.87,981174,1808076.3
1617127200,1972.49,2000,1972.32,2000,1210004,1825853.1
1617134400,2000,2001.47,1970.25,1984.75,1313131,1858703.85
1617141600,1984.45,1989.89,1976.29,1979.88,1265131,1881802.35
1617148800,1980.03,2010.5,1979.34,1994.99,2023951,1733189.3
1617156000,1994.99,1994.99,1947.35,1961.11,2189569,1668664.05
1617163200,1961.52,1972.2,1952.42,1971.3,1541712,1645138.85
1617170400,1971.34,2010.99,1940,1956.15,4589122,1776131.6
1617177600,1956.51,1958.53,1901.46,1943.39,5390775,1860886.3
1617184800,1942.81,1947.86,1916.12,1944.8,1612115,1886144.7
1617192000,1945.17,1975,1932.52,1970.73,1239374,1909953.4
1617199200,1970.78,2000.74,1965.01,1995.06,2040190,1969207.85
1617206400,1995.54,2012.21,1982.24,1998.01,2968683,2060433.4
1617213600,1998.01,2076.57,1997.01,2052.93,5673219,2270184.9
1617220800,2052.97,2105.88,2041.54,2085.71,4576659,2429216.6
1617228000,2086.17,2093.53,2056.01,2077.59,2501790,2479311.8
1617235200,2077.89,2107.57,2077.89,2105.58,2300411,2499341.1
1617242400,2105.39,2110,2068.09,2082.09,2255005,2501813.2
1617249600,2082.12,2090.15,2057.7,2065.46,1902320,2506136.2
1617256800,2065.17,2086.97,2061.28,2081.8,2302949,2493864.2
1617264000,2081.87,2135.37,2081.87,2102.08,6462828,2767946.9
1617271200,2102.08,2108,2060.01,2077.65,3392509,2877072.15
1617278400,2077.87,2110.11,2068.46,2099.83,1173990,2870115.1
1617285600,2099.84,2114.51,2081.52,2106.71,2170322,2915374.65
1617292800,2106.71,2131.06,2083.15,2095.03,4291048,3028729.5
1617300000,2095.71,2147.4,2025.48,2133.02,6934821,3265992.1
1617307200,2132.87,2144.79,2109,2121,1031155,3240464.25
1617314400,2121.18,2139.51,2111.25,2129.31,1364936,3079254.95
1617321600,2129.25,2157.88,2099.43,2157.88,5332223,3076327.35
1617328800,2157.88,2200.83,2154.15,2178.28,6583530,3324898.1
1617336000,2178.77,2184.76,2165.36,2173.65,2525393,3389199.05
1617343200,2174.53,2195.19,2157.49,2183.22,4213250,3497852.05
1617350400,2183.25,2194.06,2156.53,2175.84,3999135,3549374.65
1617357600,2175.84,2186,2168,2185.6,1848923,3358159.85
1617364800,2185.03,2190.09,2150,2176.41,3813486,3320001.2
1617372000,2176.35,2267.3,2173,2263.87,7291823,3559502.85
1617379200,2263.88,2272.01,2218.13,2229.26,3268276,3607896.1
1617386400,2228.07,2243.97,2198.8,2233.11,2453112,3617801.45
1617393600,2232.97,2281.19,2231.08,2260.2,3504209,3697895.9
1617400800,2260.2,2318.42,2257.2,2310.11,4634469,3814471.9
1617408000,2309.44,2316.03,2261.74,2287.85,3561740,3669417.5
1617415200,2287.85,2293.05,2265.26,2270.41,1912945,3595439.3
1617422400,2270.47,2294,2264.16,2291.31,1480830,3610781.3
1617429600,2291.57,2319.79,2285.03,2297.45,2267891,3615659.75
1617436800,2297.92,2320.78,2241.4,2294.58,5679634,3685089.05
1617444000,2294.58,2308.45,2280.69,2282.29,2712272,3473961.6
1617451200,2282.32,2306,2272.15,2306,1729149,3508861.3
1617458400,2306,2307.91,2236.57,2237.76,4845776,3682903.3
1617465600,2237.77,2267.81,2183.21,2192.27,8053611,3818972.7
1617472800,2192.08,2263.1,2156.85,2262.69,5918110,3785701.7
1617480000,2262.11,2262.11,2180,2189.1,2837700,3801317.05
1617487200,2188.42,2211.32,2158.32,2160.94,4320254,3806667.25
1617494400,2160.73,2175.87,2123.84,2160.99,6714335,3942427.25
1617501600,2160.82,2172.69,2143,2165.83,2095817,3954771.95
1617508800,2165.22,2174.05,2153.71,2163.42,1943378,3861266.55
1617516000,2163.42,2189.13,2149.55,2189.13,1515172,3572434
1617523200,2189.21,2217.19,2183.21,2214.41,1682555,3493147.95
1617530400,2214.26,2220,2187.16,2193.15,1306898,3435837.25
1617537600,2193.2,2245.48,2180.28,2241.61,2159658,3368609.7
1617544800,2241.4,2253.21,2227.97,2236.19,2017182,3237745.35
1617552000,2237.03,2248.95,2222.1,2241.79,1199590,3119637.85
1617559200,2242.15,2247.19,2214.01,2220.95,841096,3066045.4
1617566400,2221.3,2224.82,2221.3,2222.99,12710,2992639.4